INSERT INTO `quiz`.`answer_options` (`id`, `first_option`, `fourth_option`, `second_option`, `third_option`)
VALUES
    ('1', 'тонометр', 'ртутний термометр', 'компас', 'ватерпас'),
    ('2', 'тонометр', 'ртутний термометр', 'комп’ютерний томограф', 'гідролокатор'),
    ('3', 'підсилювача та селектора сигналів', 'сигналізатора', 'мікрокомп’ютера', 'чутливого елемента'),
    ('4', 'площина, на якій встановлено сенсор, і бульбашка повітря', 'маятник та його коливання і храповий механізм', 'електромагнітне поле і антена', 'магнітне поле Землі і магнітна стрілка'),
    ('5', 'площина, на якій встановлено сенсор, і бульбашка повітря', 'електричні потенціали на поверхні грудної клітки і електроди', 'об’єм газу, який протік, і мініатюрна газова турбіна', 'електромагнітне поле і антена'),
    ('6', 'радіоактивне випромінювання і циліндр з газом, анодом і катодом', 'вантажі і коромисло', 'оточуюче повітря і скляні балончики з рідиною, волога шматка', 'електромагнітне поле і антена'),
    ('7', 'зміна форми, об’єму чи розміру чутливого елементу', 'переміщення центру мас тіла в просторі', 'нахил тіла, поворот, обертання', 'виникнення механічного прискорення'),
    ('8', 'зміна форми, об’єму чи розміру чутливого елементу', 'зміна стану механічних коливань тіла чи системи тіл', 'нахил тіла, поворот, обертання', 'виникнення механічного прискорення'),
    ('9', 'зміна стану механічних коливань тіла чи системи тіл', 'нахил тіла, поворот, обертання', 'виникнення механічного прискорення', 'механічне переміщення молекул (рідини, газу) крізь пористе середовище'),
    ('10', 'сенсор, який здійснює вплив на об’єкт спостереження', 'пристрій, який активно реагує на поданий сигнал, здійснюючи якусь дію', 'сенсор, який має вбудований мікрокомп’ютер, і здійснює первинну обробку інформаційного сигналу', 'чутливий елемент інтелектуального сенсора'),
    ('11', 'сильфоном', 'біметалічною пластиною', 'трубкою Бурдона', 'мембраною'),
    ('12', 'сильфоном', 'біметалічною пластиною', 'трубкою Бурдона', 'мембраною'),
    ('13', 'один', 'два', 'три', 'чотири'),
    ('14', 'коефіцієнт поверхневого натягу', 'густина', 'в’язкість', 'текучість'),
    ('15', 'інклинометрами', 'абсолютними енкодерами', 'інкрементними енкодерами', 'всі наведені вище'),
    ('16', '0011', '0010', '0110', '1000'),
    ('17', 'одну', 'дві', 'три', 'чотири'),
    ('18', 'забезпечує перетворення первинного інформаційного сигналу у вигляді лінійного прискорення в механічне переміщення чи в силу деформації пружного елемента', 'забезпечує лінійність чи, принаймні, взаємну однозначність перетворення', 'усуває можливість виникнення тривалих коливальних процесів', 'усе вище перелічене'),
    ('19', 'мікробіологічні об’єкти (бактерії, антитіла, віруси) в контрольованому середовищі і кантилевер+біорецептор', 'вузли машин, які обертаються, маневруючий транспорт і ротор+пружний елемент +демпфер', 'контрольована суміш речовин і сорбент+рухома фаза+ детектори на виході', 'усе вище перелічене'),
    ('20', 'кутового акселерометра', 'хроматографа', 'мікроваг на п’єзоелементах', 'віброметра'),
    ('21', 'виникнення сил і прискорень Коріоліса у тілі, яке рухається з деякою швидкістю в системі координат, яка обертається з деякою векторною кутовою швидкістю', 'зміна власних резонансних частот коливань при механічних пошкодженнях чи деформаціях конструкцій', 'перетворення енергії електричного поля в енергію механічних коливань у п’єзоелектрику', 'усе вище перелічене'),
    ('22', 'лінійним', 'квадратичним', 'експоненційним', 'логарифмічним'),
    ('23', 'менше 16 Гц', '16 Гц / 20 кГц', '20 кГц / 1 ГГц', '1 ГГц / 1013 Гц'),
    ('24', 'ефектом Допплера', 'п’єзоелектричним ефектом', 'електретним ефектом', 'магнітострикційним ефектом'),
    ('25', 'гідрофони', 'мікрофони', 'стетоскопи', 'можна називати усіма трьома'),
    ('26', 'зростає пропорційно до квадрату відстані від джерела', 'зменшується пропорційно до квадрату відстані від джерела', 'зменшується пропорційно до відстані від джерела', 'зростає пропорційно до відстані від джерела'),
    ('27', 'залишкове «післязвуччя» у закритих приміщеннях', 'середній рівень шуму у приміщенні', 'спектральний аналіз звуку', 'видання керуючих команд голосом'),
    ('28', 'мікрофон', 'гідрофон', 'стетоскоп', 'гідролокатор'),
    ('29', 'тонометрами', 'ехолотами', 'гідролокаторами', 'комп’ютерними томографами'),
    ('30', 'інфразвукам', 'звукам', 'ультразвукам', 'гіперзвукам');


INSERT INTO `quiz`.`correct_answer` (`id`, `answer_option`)
VALUES
    ('1', 'firstOption'),
    ('2', 'secondOption'),
    ('3', 'thirdOption'),
    ('4', 'thirdOption'),
    ('5', 'secondOption'),
    ('6', 'firstOption'),
    ('7', 'firstOption'),
    ('8', 'secondOption'),
    ('9', 'fourthOption'),
    ('10', 'secondOption'),
    ('11', 'thirdOption'),
    ('12', 'firstOption'),
    ('13', 'fourthOption'),
    ('14', 'secondOption'),
    ('15', 'firstOption'),
    ('16', 'thirdOption'),
    ('17', 'firstOption'),
    ('18', 'thirdOption'),
    ('19', 'firstOption'),
    ('20', 'secondOption'),
    ('21', 'firstOption'),
    ('22', 'secondOption'),
    ('23', 'secondOption'),
    ('24', 'firstOption'),
    ('25', 'thirdOption'),
    ('26', 'secondOption'),
    ('27', 'firstOption'),
    ('28', 'fourthOption'),
    ('29', 'firstOption'),
    ('30', 'thirdOption');


INSERT INTO `quiz`.`question` (`id`, `description`, `answer_option_id`, `correct_answer_id`)
VALUES
    ('1', 'Який серед наведених нижче сенсорів є «активним»?', '1', '1'),
    ('2', 'Який серед наведених нижче сенсорів є «пасивним»?', '2', '2'),
    ('3', 'Наявність якого вбудованого складового елемента сенсора робить його «інтелектуальним»?', '3', '3'),
    ('4', 'Що є об’єктом спостереження і чутливим елементом для радіоприймача?', '4', '4'),
    ('5', 'Що є об’єктом спостереження і чутливим елементом для кардіографа?', '5', '5'),
    ('6', 'Що є об’єктом спостереження і чутливим елементом для лічильника Гейгера-Мюллера?', '6', '6'),
    ('7', 'Первинними сигналами для деформаційних сенсорів є …', '7', '7'),
    ('8', 'Первинними сигналами для вібраційних сенсорів є …', '8', '8'),
    ('9', 'Первинними сигналами для хроматографічних сенсорів є …', '9', '9'),
    ('10', 'Що таке актуатор?', '10', '10'),
    ('11', 'Пуста, всередині пружна трубка з овальним чи прямокутним (але тільки не круговим) перетином, зігнута в кільце, називається …', '11', '11'),
    ('12', 'Еластична гофрована трубка, всередині і ззовні якої створюються різні тиски: один з них – вимірюваний, другий – опорний, називається …', '12', '12'),
    ('13', 'Яку мінімальну кількість супутників глобальної системи орієнтування є достатньо бачити з будь-якої точки земної поверхні для точного визначення координат цієї точки? ', '13', '13'),
    ('14', 'Яка властивість рідини впливає на глибину занурення у неї ареометра?', '14', '14'),
    ('15', 'Сенсори кута нахилу називаються … ', '15', '15'),
    ('16', 'Як буде представлено у чотирьохрозрядному коді Ґрея натуральне число 4, яке у звичайному двійковому коді має вигляд 0100?', '16', '16'),
    ('17', 'Яку кількість доріжок, на яких чергуються прозорі і непрозорі ділянки, використовують інкрементні енкодери?', '17', '17'),
    ('18', 'Яку роль виконує демпфер у механічній схемі акселерометра?', '18', '18'),
    ('19', 'Що є об’єктом спостереження і чутливим елементом біосенсора на кантилеверах?', '19', '19'),
    ('20', 'Для якого механічного сенсора об’єктом спостереження є контрольована суміш речовин і чутливим елементом є сорбент+рухома фаза+ детектори на виході? ', '20', '20'),
    ('21', 'Яке фізичне явище покладено в основу роботи мікромеханічних гіроскопів-акселерометрів? ', '21', '21'),
    ('22', 'Зміна частоти коливань п’єзоелемента у вібраційному сенсорі від приросту його маси залежить за … законом?', '22', '22'),
    ('23', 'Який діапазон частот сприймає людське вухо як звуки? ', '23', '23'),
    ('24', 'Зміна частоти коливань, які сприймає спостерігач, при русі джерела хвиль чи спостерігача один відносно одного чи відносно того середовища, в якому поширюються хвилі, називається …   ', '24', '24'),
    ('25', 'Як називаються давачі акустичних хвиль у твердих тілах?', '25', '25'),
    ('26', 'При вільному поширенні в однорідному середовищі без поглинання і розсіяння інтенсивність акустичних хвиль …', '26', '26'),
    ('27', 'Що таке реверберація?', '27', '27'),
    ('28', 'Виберіть серед наведених сенсорів активний акустичний сенсор', '28', '28'),
    ('29', 'Прилади для вимірювання артеріального тиску називаються …', '29', '29'),
    ('30', 'Яким звуковим хвилям надають перевагу в ехолокації?', '30', '30');